<?xml version="1.0" encoding="UTF-8"?>
<metadata xml:lang="en"><Esri><CreaDate>20150415</CreaDate><CreaTime>14355700</CreaTime><ArcGISFormat>1.0</ArcGISFormat><SyncOnce>TRUE</SyncOnce><DataProperties><lineage><Process ToolSource="c:\program files (x86)\arcgis\desktop10.2\ArcToolbox\Toolboxes\Data Management Tools.tbx\Project" Date="20150414" Time="160226">Project CD113_doctorXYs V:\marco\000_Projects\Mellor_Health\datasets.gdb\CD113_Doctor_Projected PROJCS['NAD_1983_2011_Virginia_Lambert',GEOGCS['GCS_NAD_1983_2011',DATUM['D_NAD_1983_2011',SPHEROID['GRS_1980',6378137.0,298.257222101]],PRIMEM['Greenwich',0.0],UNIT['Degree',0.0174532925199433]],PROJECTION['Lambert_Conformal_Conic'],PARAMETER['False_Easting',0.0],PARAMETER['False_Northing',0.0],PARAMETER['Central_Meridian',-79.5],PARAMETER['Standard_Parallel_1',37.0],PARAMETER['Standard_Parallel_2',39.5],PARAMETER['Latitude_Of_Origin',36.0],UNIT['Meter',1.0]] 'WGS_1984_(ITRF00)_To_NAD_1983 + WGS_1984_(ITRF08)_To_NAD_1983_2011' GEOGCS['GCS_North_American_1983',DATUM['D_North_American_1983',SPHEROID['GRS_1980',6378137.0,298.257222101]],PRIMEM['Greenwich',0.0],UNIT['Degree',0.0174532925199433]]</Process><Process ToolSource="c:\program files (x86)\arcgis\desktop10.2\ArcToolbox\Toolboxes\Data Management Tools.tbx\Project" Date="20150415" Time="143531">Project CD113_Doctor_Projected V:\marco\000_Projects\Mellor_Health\datasets.gdb\CD113_Doctor_WGS84 GEOGCS['GCS_WGS_1984',DATUM['D_WGS_1984',SPHEROID['WGS_1984',6378137.0,298.257223563]],PRIMEM['Greenwich',0.0],UNIT['Degree',0.0174532925199433]] WGS_1984_(ITRF08)_To_NAD_1983_2011 PROJCS['NAD_1983_2011_Virginia_Lambert',GEOGCS['GCS_NAD_1983_2011',DATUM['D_NAD_1983_2011',SPHEROID['GRS_1980',6378137.0,298.257222101]],PRIMEM['Greenwich',0.0],UNIT['Degree',0.0174532925199433]],PROJECTION['Lambert_Conformal_Conic'],PARAMETER['False_Easting',0.0],PARAMETER['False_Northing',0.0],PARAMETER['Central_Meridian',-79.5],PARAMETER['Standard_Parallel_1',37.0],PARAMETER['Standard_Parallel_2',39.5],PARAMETER['Latitude_Of_Origin',36.0],UNIT['Meter',1.0]]</Process></lineage><itemProps><itemLocation><linkage Sync="TRUE">file://\\jonesfiles\acstore-users\mmmillones\marco\000_Projects\Mellor_Health\datasets.gdb</linkage><protocol Sync="TRUE">Local Area Network</protocol></itemLocation></itemProps></DataProperties></Esri></metadata>
